Patient Diameter [mm],FBP NPS,FBP ROI,REDCNN-TV NPS,REDCNN-TV ROI
112,24.364344999999997,24.206245000000003,28.775162584944688,28.93084304509636
131,24.38861,23.700985,26.506427023837066,26.30250380496123
151,23.827260000000003,22.39267,24.728427099393116,24.053117730972
185,24.317355,20.93644,22.19460566826994,20.22470053474216
216,24.03262,17.38567,20.552713853649596,16.562241133675116
292,24.066315,9.59912,18.447471837354843,8.717411947361445
